{
  "version": "1.1",
  "lastUpdated": "2025-01-26",
  "cacheHours": 168,
  "description": "Mapowanie hreflang PL <-> EN dla wytwornia-zieleni.pl",
  
  "identicalPaths": [
    "/",
    "/blog",
    "/planowanie-ogrodu",
    "/projekt-ogrodu",
    "/projektowanie-ogrodu",
    "/ile-kosztuje-projekt-ogrodu",
    "/pracownia-architektury-krajobrazu",
    "/realizacje-ogrodow",
    "/realizacje-ogrodow/domki-w-gorach-projekt-dla-inwestora-4000m2",
    "/realizacje-ogrodow/kompleks-domkow-rekreacyjnych-w-jablonkach-7000m2",
    "/realizacje-ogrodow/projekt-ogrodu-belgia-recht-1400-m2",
    "/realizacje-ogrodow/projekt-ogrodu-bialystok-2500-m2",
    "/realizacje-ogrodow/projekt-ogrodu-bydgoszcz-3800-m2",
    "/realizacje-ogrodow/projekt-ogrodu-czestochowa-3300-m2",
    "/realizacje-ogrodow/projekt-ogrodu-gdansk-200-m2",
    "/realizacje-ogrodow/projekt-ogrodu-gliwice-980m2",
    "/realizacje-ogrodow/projekt-ogrodu-grudziadz-700m2",
    "/realizacje-ogrodow/projekt-ogrodu-jozefow-1200-m2",
    "/realizacje-ogrodow/projekt-ogrodu-kalisz-500-m2",
    "/realizacje-ogrodow/projekt-ogrodu-lodz-800-m2",
    "/realizacje-ogrodow/projekt-ogrodu-lublin-1300-m2",
    "/realizacje-ogrodow/projekt-ogrodu-lubliniec-1000m2",
    "/realizacje-ogrodow/projekt-ogrodu-magdalenka-2400-m2",
    "/realizacje-ogrodow/projekt-ogrodu-niemcy-lipsk-3200-m2",
    "/realizacje-ogrodow/projekt-ogrodu-olsztyn-1600-m2",
    "/realizacje-ogrodow/projekt-ogrodu-opole-1100-m2",
    "/realizacje-ogrodow/projekt-ogrodu-piaseczno-2600-m2",
    "/realizacje-ogrodow/projekt-ogrodu-pila-1050m2",
    "/realizacje-ogrodow/projekt-ogrodu-podkowa-lesna-1530-m2",
    "/realizacje-ogrodow/projekt-ogrodu-poznan-2000-m2",
    "/realizacje-ogrodow/projekt-ogrodu-przydomowego-szczecin-900-m2",
    "/realizacje-ogrodow/projekt-ogrodu-tarnow-1700m2",
    "/realizacje-ogrodow/projekt-ogrodu-tarnowskie-gory-150m2",
    "/realizacje-ogrodow/projekt-ogrodu-wloclawek-600m2",
    "/realizacje-ogrodow/projekt-ogrodu-zbroslawice-750m2",
    "/realizacje-ogrodow/zagospodarowanie-dzialki-inwestycyjnej-w-wisle-5500m2",
    "/realizacje-ogrodow/zagospodarowanie-zieleni-przy-firmie-stan-szklo"
  ],

  "customMapping": {
    "/blog/wizualizacje-ogrodu-3d": "/en/blog/3d-garden-visualizations",
    "/blog/ai-projektowanie-ogrodu": "/en/blog/ai-garden-design",
    "/blog/kosiarka-automatyczna-jaki-model-wybrac": "/en/blog/automatic-lawn-mower",
    "/blog/miejsce-na-ognisko-w-ogrodzie": "/en/blog/backyard-fire-pit-area-design-ideas-guide",
    "/blog/pnacza-do-ogrodu": "/en/blog/best-climbing-plants-garden-vines",
    "/blog/srednie-trawy-na-zywoplot": "/en/blog/border-grass-plants",
    "/blog/nowoczesne-pergole-tarasowe-idealne-rozwiazanie-dla-ogrodu": "/en/blog/contemporary-pergola-ideas",
    "/blog/nawadnianie-kropelkowe": "/en/blog/drip-irrigation-system-guide",
    "/blog/rosliny-zimozielone": "/en/blog/modern-evergreen-plants",
    "/blog/swierk-na-zywoplot": "/en/blog/fast-growing-spruce",
    "/blog/aranzacja-ogrodu-przy-plocie": "/en/blog/fence-line-landscaping-privacy-plants-design",
    "/blog/zywoplot-lisciasty": "/en/blog/flowering-hedge-plants",
    "/blog/aranzacja-ogrodu-przed-domem-galeria": "/en/blog/front-yard-garden-design",
    "/blog/rabaty-ogrodowe": "/en/blog/garden-beds",
    "/blog/materialy-do-ogrodu-na-co-zwrocic-uwage": "/en/blog/garden-building-materials",
    "/blog/zakladanie-ogrodu-5-kosztownych-bledow": "/en/blog/garden-design-5-costly-mistakes",
    "/blog/projekt-koncepcyjny-ogrodu-rzut-z-gory": "/en/blog/garden-design-concept-guide",
    "/blog/aranzacja-ogrodu-poradnik": "/en/blog/garden-design-guide",
    "/blog/program-do-projektowania-ogrodu": "/en/blog/garden-design-software",
    "/blog/system-podlewania-ogrodu-jakie-zrodlo-wody-wybrac": "/en/blog/garden-irrigation-supply",
    "/blog/nawadnianie-ogrodu": "/en/blog/garden-irrigation-systems-guide",
    "/blog/jak-zaplanowac-oswietlenie-ogrodu": "/en/blog/garden-lighting-ideas",
    "/blog/strefa-zabawy-dla-dzieci-w-ogrodzie-jak-zaplanowac": "/en/blog/garden-playground-ideas",
    "/blog/strefy-prywatnosci-w-ogrodzie-jak-zaplanowac": "/en/blog/garden-privacy-ideas",
    "/blog/jak-wybrac-firme-ogrodnicza": "/en/blog/garden-service-provider",
    "/blog/jak-poprawic-jakosc-gleby-w-ogrodzie": "/en/blog/garden-soil-improvement",
    "/blog/prace-ziemne-przygotowanie-dzialki-pod-ogrod": "/en/blog/garden-soil-preparation",
    "/blog/zakladanie-ogrodu-krok-po-kroku": "/en/blog/garden-step-by-step",
    "/blog/jak-przygotowac-przepusty-na-media-w-ogrodzie": "/en/blog/garden-utility-installation-media-conduits",
    "/blog/strefa-z-elementami-wodnymi-w-ogrodzie-jak-zaplanowac": "/en/blog/garden-water-features",
    "/blog/jaka-pompa-do-podlewania-ogrodu-kompletny-przewodnik": "/en/blog/garden-water-pump",
    "/blog/woda-w-ogrodzie-ile-zrodel-warto-zaplanowac": "/en/blog/garden-water-supply-planning",
    "/blog/strefy-w-ogrodzie-jak-zaplanowac": "/en/blog/garden-zones-how-to-plan",
    "/blog/rosliny-na-zywoplot": "/en/blog/hedge-plants-trees-shrubs-grasses-climbing",
    "/blog/ile-kosztuje-zalozenie-ogrodu": "/en/blog/how-much-does-garden-design-cost",
    "/blog/jak-zaprojektowac-ogrod-przydomowy": "/en/blog/how-to-plan-design-backyard-garden-complete-guide",
    "/blog/roboty-koszace-husqvarna": "/en/blog/husqvarna-robotic-mower",
    "/blog/jaka-srednica-rury-do-nawadniania-jest-odpowiednia-dla-ogrodu": "/en/blog/irrigation-pipe-diameter-garden-guide",
    "/blog/projektowanie-nawadniania-ogrodu": "/en/blog/irrigation-system-design-guide",
    "/blog/czy-warto-zainwestowac-w-podlicznik-do-mierzenia-zuzycia-wody-na-ogrod": "/en/blog/irrigation-water-meter-guide",
    "/blog/jak-zaprojektowac-duzy-ogrod": "/en/blog/large-garden-ideas-design-guide",
    "/blog/nawadnianie-trawnik": "/en/blog/lawn-irrigation-system",
    "/blog/lld-light-ekskluzywne-oswietlenie-ogrodowe-od-wloskiego-producenta": "/en/blog/luxury-lighting-design",
    "/blog/metalowe-pergole-do-ogrodu": "/en/blog/metal-garden-pergola",
    "/blog/ogrod-nowoczesny": "/en/blog/modern-garden-design",
    "/blog/byliny-do-ogrodu-nowoczesnego-przyklady": "/en/blog/modern-garden-perennials",
    "/blog/drzewa-ozdobne-do-ogrodu-nowoczesnego": "/en/blog/modern-landscape-trees",
    "/blog/krzewy-ozdobne-nowoczesny-ogrod": "/en/blog/modern-ornamental-shrubs",
    "/blog/nocne-wizualizacje-3d-ogrodu": "/en/blog/night-garden-3d-visualizations",
    "/blog/trawy-na-zywoplot": "/en/blog/ornamental-grass-hedges",
    "/blog/trawy-ozdobne-wieloletnie": "/en/blog/ornamental-perennial-grasses",
    "/blog/strefa-do-grillowania-jak-zaplanowac-i-urzadzic": "/en/blog/outdoor-bbq-area",
    "/blog/strefa-jadalniana-w-ogrodzie-jak-zaplanowac": "/en/blog/outdoor-dining-area",
    "/blog/rodzaje-kabli-elektrycznych-potrzebnych-w-ogrodzie-jakie-wybrac": "/en/blog/outdoor-electrical-cables",
    "/blog/jak-zaplanowac-elektryke-w-ogrodzie": "/en/blog/outdoor-electrical-installation",
    "/blog/strefa-rekreacyjna-w-ogrodzie-jak-zaplanowac": "/en/blog/outdoor-entertainment-area",
    "/blog/strefa-aktywnej-rekreacji-w-ogrodzie-jak-zaplanowac": "/en/blog/outdoor-fitness-area",
    "/blog/mala-architektura-ogrodowa-adezz": "/en/blog/outdoor-furniture",
    "/blog/strefa-z-jacuzzi-w-ogrodzie-jak-zaplanowac": "/en/blog/outdoor-hot-tub",
    "/blog/strefa-zewnetrznej-kuchni-w-ogrodzie-jak-zaplanowac": "/en/blog/outdoor-kitchen-ideas",
    "/blog/oswietlenie-ogrodowe-nowodvorski": "/en/blog/outdoor-lighting-fixtures",
    "/blog/strefa-relaksu-w-ogrodzie-jak-zaplanowac": "/en/blog/outdoor-seating-area",
    "/blog/strefa-spa-w-ogrodzie-jak-zaplanowac": "/en/blog/outdoor-spa-ideas",
    "/blog/pergole-tarasowe-ile-kosztuje-pergola": "/en/blog/pergola-price-calculator",
    "/blog/basen-w-ogrodzie": "/en/blog/pool-landscaping-ideas",
    "/blog/rekultywacja-terenu-dzialka-budowlana": "/en/blog/post-construction-cleanup",
    "/blog/zbiornik-na-deszczowke-montaz": "/en/blog/rainwater-collection-system",
    "/blog/male-ogrody-aranzacja-poradnik": "/en/blog/small-garden-design-ideas-maximize-backyard-space",
    "/blog/system-nawadniania-ogrodu": "/en/blog/sprinkler-system-installation-guide",
    "/blog/wysokie-trawy-na-zywoplot": "/en/blog/tall-ornamental-grasses",
    "/blog/trawy-niski-zywoplot": "/en/blog/tall-privacy-grasses",
    "/blog/projekt-wykonawczy-ogrodu-2d": "/en/blog/technical-garden-plans-2d",
    "/blog/aranzacja-tarasu-w-ogrodzie": "/en/blog/terrace-garden-ideas-design-outdoor-space",
    "/blog/ktore-drzewa-wyciac-a-ktore-zostawic-na-dzialce": "/en/blog/tree-cutting-guide",
    "/blog/ogrod-warzywny": "/en/blog/vegetable-garden-layout",
    "/blog/jak-zmierzyc-parametry-wody-do-ogrodu-praktyczny-poradnik": "/en/blog/water-pressure-gauge-testing",
    "/blog/studnia-do-podlewania-ogrodu-czy-warto": "/en/blog/well-water-irrigation-guide",
    "/blog/co-jest-potrzebne-zeby-wykonac-projekt-ogrodu": "/en/blog/what-is-needed-garden-project",
    "/blog/kiedy-sadzic-rosliny-w-ogrodzie": "/en/blog/when-to-plant-garden",
    "/blog/pergola-drewniana-do-ogrodu-przydomowego": "/en/blog/wooden-deck-pergola",
    "/blog/skarpa-w-ogrodzie": "/en/blog/sloped-garden-design",
    "/blog/ogrod-przy-szeregowcu": "/en/blog/small-townhouse-garden-design",
    "/realizacje-ogrodow/maly-ogrod-przy-szeregowcu": "/en/realizacje-ogrodow/small-townhouse-garden-design",
    "/realizacje-ogrodow/ogrod-ze-spadkiem-terenu": "/en/realizacje-ogrodow/sloped-garden-design",
    "/realizacje-ogrodow/projekt-ogrodu-anglia-londyn-25000-m2": "/en/realizacje-ogrodow/garden-design-london-luxury-25000-sqm-estate",
    "/realizacje-ogrodow/projekt-ogrodu-nowy-jork-4000m2": "/en/realizacje-ogrodow/landscape-design-new-york-estate",
    
    "/planowanie-ogrodu/zakladanie-ogrodu-koszty-kalkulator": "/en/planowanie-ogrodu/garden-cost-calculator",
    "/planowanie-ogrodu/drenaz-powierzchniowy-dzialki-cena": "/en/planowanie-ogrodu/garden-drainage-cost-calculator",
    "/planowanie-ogrodu/nawadnianie-ogrodu-cena-za-m2-kalkulator": "/en/planowanie-ogrodu/garden-irrigation-cost-calculator",
    "/planowanie-ogrodu/podlewanie-ogrodu-koszt-kalkulator": "/en/planowanie-ogrodu/garden-water-cost-calculator",
    "/planowanie-ogrodu/kostka-brukowa-cena-kalkulator": "/en/planowanie-ogrodu/paving-cost-calculator",
    "/planowanie-ogrodu/kalkulator-podloza-do-doniczek": "/en/planowanie-ogrodu/planter-soil-calculator",
    "/planowanie-ogrodu/ile-ziemi-na-m2-kalkulator": "/en/planowanie-ogrodu/top-soil-calculator"
  }
}
